time,open,high,low,close,volume
1632009600,1.37401,1.3750499999999999,1.3609499999999999,1.3672,172287
1632614400,1.36638,1.3728799999999999,1.34119,1.3543,197320
1633219200,1.35538,1.36577,1.35316,1.36182,192593
1633824000,1.36178,1.37733,1.35691,1.3744399999999999,160974
1634428800,1.37409,1.38344,1.37092,1.37599,158297
1635033600,1.37459,1.38296,1.36683,1.3693,187417
1635638400,1.36792,1.36984,1.34244,1.34955,180930
1636243200,1.3486799999999999,1.3607,1.33534,1.34127,172927
1636848000,1.34164,1.3513600000000001,1.33964,1.34453,178376
1637452800,1.34452,1.3449900000000001,1.32786,1.3321100000000001,192547
1638057600,1.3338700000000001,1.3370199999999999,1.31949,1.32308,221963
1638662400,1.32141,1.32893,1.3161399999999999,1.3263099999999999,165495
1639267200,1.32558,1.33745,1.31721,1.32365,162019
1639872000,1.32375,1.3437700000000001,1.31735,1.33842,142740
1640476800,1.33856,1.3550200000000001,1.33809,1.35249,102321
1641081600,1.35222,1.35984,1.3431,1.35911,142299
1641686400,1.35733,1.37488,1.3532600000000001,1.3679700000000001,158449
1642291200,1.36692,1.36899,1.35456,1.35525,181917
1642896000,1.3548,1.35654,1.3357999999999999,1.3395299999999999,207869
1643500800,1.33917,1.3627799999999999,1.3387,1.35285,181083
1644105600,1.35351,1.36437,1.34907,1.35608,185264
1644710400,1.3554,1.36428,1.34866,1.35929,204837
1645315200,1.35891,1.36385,1.32729,1.34098,254805
1645920000,1.33283,1.3437299999999999,1.32027,1.32347,273961
1646524800,1.3225799999999999,1.3237999999999999,1.30275,1.30373,295844
1647129600,1.3038699999999999,1.32111,1.30003,1.31764,243999
1647734400,1.31671,1.32985,1.312,1.3183099999999999,228307
1648339200,1.31772,1.31841,1.30511,1.31115,255188
1648944000,1.30972,1.31668,1.29825,1.30341,221634
1649548800,1.30321,1.31473,1.29733,1.30584,220426
1650153600,1.3051599999999999,1.30902,1.2823,1.2839,232128
1650758400,1.2833700000000001,1.28416,1.24115,1.2577,279519
1651363200,1.25796,1.26379,1.22761,1.23365,279859
1651968000,1.23435,1.24059,1.2156,1.22593,313115
1652572800,1.22389,1.2524600000000001,1.22172,1.24921,298095
1653177600,1.24759,1.26669,1.2459,1.26295,272456
1653782400,1.26126,1.2659799999999999,1.24589,1.2487,240134
1654387200,1.24871,1.25996,1.23011,1.23113,272177
1654992000,1.23148,1.24065,1.19341,1.22189,383952
1655596800,1.22189,1.2324,1.2161,1.22723,296354
1656201600,1.22559,1.23324,1.19758,1.20938,344579
1656806400,1.20989,1.21651,1.18759,1.2033800000000001,451509
1657411200,1.2013099999999999,1.20369,1.176,1.18638,497455
1658016000,1.18664,1.2064,1.18625,1.19945,424143
1658620800,1.1993,1.22457,1.19605,1.21829,355139
1659225600,1.21646,1.22935,1.2003300000000001,1.2066,382094
1659830400,1.2067700000000001,1.22762,1.20475,1.21359,303211
1660435200,1.21255,1.21482,1.17921,1.18255,306313
1661040000,1.18205,1.19009,1.17173,1.17397,324296
1661644800,1.17297,1.17605,1.14959,1.15135,379471
1662249600,1.14826,1.16478,1.14053,1.1587,374687
1662854400,1.16273,1.1738,1.13504,1.14228,350506
1663459200,1.14114,1.14605,1.08392,1.08466,382118
1664064000,1.08032,1.12345,1.03337,1.1155,600543
1664668800,1.11652,1.14953,1.10552,1.10865,522715
1665273600,1.10797,1.13808,1.0923,1.1177,866825
1665878400,1.12207,1.14394,1.10602,1.12926,974063
1666483200,1.13834,1.16451,1.12576,1.16137,936628
1667088000,1.15873,1.16132,1.11455,1.1372,811413
1667692800,1.13092,1.18544,1.129,1.1832799999999999,811226
1668297600,1.18079,1.20288,1.17098,1.18838,824011
1668902400,1.18943,1.21534,1.17785,1.20899,670578
1669507200,1.20662,1.23099,1.19,1.22899,869825
1670112000,1.22739,1.23441,1.21059,1.22602,773977
1670716800,1.22563,1.24464,1.21192,1.21528,803894
1671321600,1.21457,1.22416,1.1992099999999999,1.205,756359
1671926400,1.20543,1.21259,1.2002,1.20924,486164
1672531200,1.20752,1.20996,1.1841,1.20948,678306
1673136000,1.2079900000000001,1.22485,1.20792,1.2236799999999999,717899
1673740800,1.22137,1.24356,1.21689,1.23994,661034
1674345600,1.24002,1.24477,1.22629,1.2398,528929
1674950400,1.23857,1.24173,1.20469,1.20509,594464
1675555200,1.20313,1.21938,1.1961,1.2058,537135
1676160000,1.20578,1.22698,1.19148,1.20407,628217
1676764800,1.20255,1.21476,1.19278,1.1938900000000001,602632
1677369600,1.19467,1.21434,1.19223,1.20439,586527
1677974400,1.20281,1.21135,1.18023,1.20315,591183
1678579200,1.20705,1.22035,1.201,1.2176,846615
1679184000,1.22033,1.23435,1.21667,1.223,519659
1679788800,1.22268,1.2423,1.22188,1.23302,404678
1680393600,1.23265,1.25253,1.22741,1.24161,350705
1680998400,1.24211,1.25468,1.23442,1.24145,344030
1681603200,1.24091,1.24742,1.23531,1.24439,344484
1682208000,1.24405,1.25838,1.23866,1.25671,392417
1682812800,1.25565,1.26525,1.24354,1.2631000000000001,421205
1683417600,1.2628300000000001,1.26799,1.24447,1.24481,330859
1684022400,1.24521,1.25464,1.23916,1.2446,332105
1684627200,1.24387,1.24722,1.2308,1.23498,385288
1685232000,1.2334,1.25445,1.23267,1.24497,337772
1685836800,1.2449,1.25903,1.23684,1.25801,328029
1686441600,1.25602,1.28482,1.24868,1.28201,350508
1687046400,1.28162,1.2839800000000001,1.26851,1.2716,401470
1687651200,1.2707,1.27592,1.25907,1.26939,378508
1688256000,1.26966,1.28495,1.26583,1.2838,333588
1688860800,1.28291,1.31421,1.27504,1.3091300000000001,367536
1689465600,1.30933,1.31256,1.28158,1.28533,370449
1690070400,1.28457,1.29956,1.27628,1.28461,414969
1690675200,1.2842799999999999,1.28726,1.26201,1.27497,375979
1691280000,1.2749,1.28186,1.26658,1.26963,334369
1691884800,1.26928,1.27872,1.2616399999999999,1.2733400000000001,379348
1692489600,1.27283,1.2800500000000001,1.25478,1.25767,355520
1693094400,1.25794,1.27461,1.25626,1.25875,350930
1693699200,1.25887,1.26426,1.24455,1.2460499999999999,306610
1694304000,1.24688,1.25482,1.23787,1.23847,349896
1694908800,1.23816,1.24247,1.22304,1.22365,298411
1695513600,1.22482,1.22716,1.21102,1.22019,313669
1696118400,1.21897,1.22614,1.20371,1.22334,349858
1696723200,1.21995,1.2337500000000001,1.21225,1.2137,432341
1697328000,1.2134800000000001,1.22195,1.20898,1.21637,395090
1697932800,1.21548,1.22886,1.20692,1.21211,359669
1698537600,1.21149,1.23895,1.209,1.23795,379645
1699142400,1.23724,1.24285,1.21871,1.22235,352668
1699747200,1.22106,1.2505899999999999,1.22066,1.24627,335207
1700352000,1.24471,1.26154,1.24457,1.26019,303712
1700956800,1.25937,1.27331,1.25908,1.27098,380147
1701561600,1.26968,1.27244,1.2502,1.25481,406466
1702166400,1.25306,1.27939,1.25001,1.2674400000000001,406455
1702771200,1.2668,1.27616,1.2612,1.26973,385583
1703376000,1.26877,1.28274,1.26844,1.2734,240593
1703980800,1.27204,1.27707,1.26106,1.27162,342659
1704585600,1.27092,1.27854,1.26732,1.27493,378155
1705190400,1.27419,1.27655,1.25963,1.2702,405885
1705795200,1.26926,1.27747,1.2649,1.27029,366361
1706400000,1.26971,1.27721,1.2613699999999999,1.26333,403764
1707004800,1.26277,1.26431,1.2518,1.263,364802
1707609600,1.26199,1.26905,1.25353,1.2600500000000001,363850
1708214400,1.25994,1.27092,1.25792,1.26697,354017
1708819200,1.26712,1.26996,1.25996,1.26551,344872
1709424000,1.26497,1.28936,1.26449,1.2857,353657
1710028800,1.28522,1.2861799999999999,1.27249,1.2735699999999999,370309
1710633600,1.27267,1.2803499999999999,1.25751,1.2599,350505
1711238400,1.25948,1.26677,1.25854,1.26236,259678
1711843200,1.2624,1.26834,1.25392,1.26375,318365
1712448000,1.2624,1.27093,1.24264,1.24498,384697
1713052800,1.24362,1.24983,1.23664,1.2370700000000001,469384
1713657600,1.23706,1.25408,1.22992,1.24922,367662
1714262400,1.24748,1.26334,1.24659,1.25462,410659
1714867200,1.25377,1.2594,1.24457,1.25237,299063
1715472000,1.25119,1.27115,1.25092,1.27003,335669
1716076800,1.26905,1.27611,1.2674,1.27358,328846
1716681600,1.27317,1.28004,1.26807,1.2742200000000001,328835
1717286400,1.27336,1.28174,1.26941,1.27219,374337
1717891200,1.27251,1.28603,1.26567,1.2686600000000001,291470
1718496000,1.26819,1.27398,1.26218,1.26406,203948
1719100800,1.26334,1.2702200000000001,1.26126,1.26434,300042
1719705600,1.26538,1.28169,1.26153,1.28144,319099
1720310400,1.27959,1.2990599999999999,1.27772,1.29865,346981
1720915200,1.29664,1.30444,1.29009,1.2910599999999999,403633
1721520000,1.29119,1.29421,1.28487,1.28664,393919
1722124800,1.28586,1.28879,1.2707,1.28048,466856
1722729600,1.28003,1.28168,1.26647,1.2758,618662
1723334400,1.27591,1.29457,1.27465,1.29441,360882
1723939200,1.2932299999999999,1.32301,1.29315,1.32177,388484
1724544000,1.32127,1.3265799999999999,1.31094,1.31292,375453
1725148800,1.31293,1.32385,1.30875,1.31295,369831
1725753600,1.31159,1.31575,1.3001800000000001,1.3123,391555
1726358400,1.312,1.33403,1.31181,1.33215,456600
1726963200,1.33109,1.34341,1.32481,1.33718,479060
1727568000,1.33663,1.34229,1.3069600000000001,1.31207,506511
1728172800,1.31113,1.31344,1.30138,1.30652,416196
1728777600,1.3057,1.31026,1.29734,1.3048600000000001,374461
1729382400,1.30439,1.30576,1.29071,1.2959399999999999,365960
1729987200,1.29543,1.3042799999999999,1.28433,1.2919,435798
1730592000,1.29642,1.30475,1.28336,1.29182,558720
1731196800,1.2897,1.29254,1.25968,1.26148,505713
1731801600,1.26186,1.2714400000000001,1.24869,1.2530999999999999,484286
1732406400,1.25869,1.27495,1.25065,1.2735400000000001,492448
1733011200,1.27238,1.2811,1.2616800000000001,1.27387,439184
1733616000,1.27332,1.27987,1.26077,1.26214,419219
1734220800,1.26098,1.27283,1.24747,1.25672,462320
1734825600,1.25605,1.25922,1.25007,1.25747,247945
1735430400,1.25724,1.26068,1.2352,1.24214,301670
1736035200,1.24222,1.25756,1.21911,1.22036,424080
1736640000,1.21962,1.23059,1.20996,1.2164,395542
1737244800,1.21707,1.25016,1.21601,1.2484,397006
1737849600,1.24658,1.2523,1.23857,1.23904,431318
1738454400,1.2309,1.25495,1.2248999999999999,1.23991,431639
1739059200,1.23686,1.26299,1.23323,1.25845,322912
1739664000,1.2582900000000001,1.26784,1.2563,1.26291,293894
1740268800,1.263,1.27157,1.2559,1.2578,345847
1740873600,1.25783,1.29443,1.25776,1.29221,443521
1741478400,1.29115,1.29878,1.28613,1.2937,361819
1742083200,1.29208,1.30145,1.28874,1.29136,270429
1742688000,1.2894999999999999,1.29918,1.28707,1.29423,278368
1743292800,1.29337,1.3207,1.28532,1.28845,415810
1743897600,1.28312,1.31448,1.2708,1.30724,616742
1744502400,1.3082500000000001,1.32984,1.30632,1.32916,469985
1745107200,1.3272599999999999,1.34233,1.32334,1.33125,313766
1745712000,1.32985,1.34437,1.32593,1.32671,271752
1746316800,1.32608,1.34021,1.32118,1.32962,273716
1746921600,1.326,1.336,1.31395,1.32817,329650
1747526400,1.32717,1.35389,1.32654,1.35331,316909
1748131200,1.3522,1.35928,1.3415,1.34562,288880
1748736000,1.34609,1.3616,1.34483,1.3525,298023
1749340800,1.3524,1.36321,1.34559,1.35682,293564
1749945600,1.35506,1.36219,1.33823,1.34467,313631
1750550400,1.33959,1.37702,1.337,1.37183,334091
1751155200,1.3701699999999999,1.37884,1.35625,1.3641,303363
1751760000,1.36414,1.3657599999999999,1.34809,1.34925,291589
1752364800,1.34848,1.3504,1.33646,1.34077,288304
1752969600,1.34128,1.35887,1.34017,1.34295,287497
1753574400,1.3425099999999999,1.34528,1.31391,1.32825,354283
1754179200,1.32742,1.34584,1.32532,1.34447,311228
1754784000,1.3441,1.35945,1.3399,1.3555,296990
1755388800,1.35501,1.35649,1.33903,1.35253,292758
1755993600,1.3514599999999999,1.35306,1.3416000000000001,1.35026,326176
1756598400,1.34933,1.35544,1.33327,1.35059,351142
1757203200,1.34958,1.3590200000000001,1.3482,1.35592,295360
1757808000,1.35445,1.37262,1.34628,1.34687,314036
1758412800,1.34598,1.35362,1.33232,1.3403100000000001,287321
1759017600,1.33887,1.35273,1.33854,1.34787,269900
1759622400,1.34334,1.3489499999999999,1.32615,1.3351899999999999,300328
1760227200,1.33429,1.3471199999999999,1.3248199999999999,1.3425,358922
1760832000,1.3422,1.34429,1.3287200000000001,1.3309,318221
1761436800,1.33151,1.33696,1.30966,1.3143099999999999,321652
1762041600,1.31273,1.31745,1.30097,1.3158699999999999,268679
1762646400,1.31552,1.32153,1.30842,1.31732,335878
1763251200,1.31519,1.3193,1.30374,1.31014,357965
1763856000,1.30941,1.32679,1.30804,1.32343,382782
1764460800,1.32221,1.33847,1.31793,1.33271,316827
1765065600,1.33175,1.34381,1.32868,1.3366799999999999,349739
1765670400,1.33689,1.3456000000000001,1.33114,1.33749,384585
1766275200,1.3376299999999999,1.3534,1.3371,1.3495599999999999,283656
1766880000,1.3483,1.35303,1.34015,1.3459400000000001,281172
1767484800,1.34451,1.35675,1.33924,1.33969,376244
1768089600,1.33938,1.34946,1.33624,1.33743,329401
1768694400,1.33432,1.3645,1.33392,1.3642400000000001,370328
1769299200,1.36589,1.38685,1.36426,1.36828,541020
1769904000,1.36869,1.37331,1.35083,1.36082,454784
1770508800,1.35903,1.37119,1.35863,1.36502,393218
1771113600,1.36381,1.36619,1.3433899999999999,1.3484099999999999,312433
1771718400,1.34885,1.35751,1.34394,1.34774,350407
1772323200,1.34027,1.34557,1.32531,1.33982,621991
1772928000,1.33325,1.34832,1.32179,1.32206,588521
1773532800,1.3231,1.34671,1.32189,1.3342399999999999,507129
1774137600,1.3305500000000001,1.34792,1.32568,1.3269,575993
1774742400,1.32551,1.33461,1.31588,1.31886,446820
1775347200,1.31863,1.34842,1.31772,1.3467799999999999,471652
1775952000,1.3388900000000001,1.35991,1.33806,1.35151,420843
1776556800,1.34854,1.35443,1.34474,1.35362,498878
1777161600,1.34996,1.36578,1.3454,1.3572199999999999,513487
1777766400,1.35925,1.3643100000000001,1.35122,1.36353,522076
1778371200,1.35504,1.36529,1.33149,1.33157,503861
1778976000,1.33176,1.34631,1.3302100000000001,1.3434300000000001,555071
1779580800,1.34478,1.3509,1.3367200000000001,1.34555,419791
1780185600,1.34478,1.3483100000000001,1.33301,1.3335,439887
1780790400,1.33232,1.34328,1.3305799999999999,1.3403399999999999,546466
1781395200,1.3397700000000001,1.34609,1.31628,1.3225799999999999,426160
1782000000,1.31833,1.3273,1.314,1.31914,470021
1782604800,1.31967,1.33846,1.31878,1.33491,437203
1783209600,1.33388,1.34516,1.33221,1.33956,420537
1783814400,1.3384800000000001,1.35579,1.33418,1.34546,497594
1784419200,1.34416,1.34809,1.32986,1.33193,404127
1785024000,1.33219,1.34943,1.32733,1.3491,502343
1785628800,1.34894,1.35087,1.3417,1.34908,436966
1786233600,1.34891,1.35615,1.34742,1.3532899999999999,396307
1786838400,1.35277,1.36754,1.35193,1.36429,461268
1787443200,1.36235,1.36559,1.35269,1.35323,421100
1788048000,1.35276,1.35653,1.3474300000000001,1.35148,491436
1788652800,1.35086,1.35679,1.34761,1.35267,466788
1789257600,1.35151,1.35284,1.33353,1.33727,442675
